name,provider,description,amount,course,min_percentage,max_income,state,category,gender,year,age_min,age_max,other_requirements,start_date,deadline,official_url,source_url,last_verified,status
AICTE Pragati Scholarship for Girls,AICTE,Financial support to young women pursuing technical diploma or undergraduate degree education.,50000,B.Tech,60.0,800000,ALL,ALL,Female,1,,30,"Family income under 8 LPA; max 2 girls per family",2026-08-01,2026-11-30,https://www.aicte-india.org/schemes/students-development-schemes/Pragati,https://nsp.gov.in,2026-09-01,ACTIVE
Reliance Foundation Undergraduate Scholarship,Reliance Foundation,Empowering first-generation and high-merit students across India pursuing undergraduate degrees.,200000,ALL,75.0,1500000,ALL,ALL,ALL,1,,25,Aptitude test score + household income verification,2026-08-15,2026-10-15,https://www.scholarships.reliancefoundation.org/,https://www.reliancefoundation.org,2026-09-10,ACTIVE
Central Sector Scheme of Scholarships (CSSS),Department of Higher Education (MHRD),Merit-cum-means scholarship for top percentile college and university students.,20000,ALL,80.0,450000,ALL,ALL,ALL,1,18,25,Above 80th percentile in relevant stream in Class XII,2026-07-01,2026-10-31,https://scholarships.gov.in/,https://nsp.gov.in,2026-08-20,ACTIVE
Post Matric Scholarship for SC Students,Ministry of Social Justice and Empowerment,Full tuition and maintenance allowance for Scheduled Caste students pursuing higher education.,75000,ALL,50.0,250000,ALL,SC,ALL,,17,35,Valid caste certificate and income certificate,2026-06-01,2026-12-31,https://scholarships.gov.in/,https://socialjustice.gov.in,2026-09-05,ACTIVE
Post Matric Scholarship for OBC Students,Ministry of Social Justice and Empowerment,State-administered financial support for Other Backward Classes students.,45000,ALL,55.0,250000,ALL,OBC,ALL,,17,35,Valid OBC non-creamy layer certificate,2026-07-01,2026-12-15,https://scholarships.gov.in/,https://socialjustice.gov.in,2026-08-30,ACTIVE
Tamil Nadu Chief Minister Merit Scholarship,Government of Tamil Nadu,Merit-based financial aid for undergraduate students domiciled in Tamil Nadu.,30000,ALL,70.0,300000,Tamil Nadu,ALL,ALL,2,17,25,Resident of Tamil Nadu with native certificate,2026-08-01,2026-11-15,https://www.tn.gov.in/scholarships,https://tnscholarships.gov.in,2026-09-12,ACTIVE
Maharashtra Post-Matric Scholarship (MahaDBT),Government of Maharashtra,Financial assistance to undergraduate students domiciled in Maharashtra state.,40000,ALL,60.0,300000,Maharashtra,ALL,ALL,,17,28,Valid Maharashtra domicile certificate,2026-07-15,2026-11-30,https://mahadbt.maharashtra.gov.in/,https://mahadbt.maharashtra.gov.in/,2026-08-25,ACTIVE
Siemens Scholarship Program,Siemens India,Four-year comprehensive scholarship covering tuition and books for 1st year engineering students.,100000,B.Tech,60.0,200000,ALL,ALL,ALL,1,,20,First year Govt/Govt-aided engineering college students,2026-08-01,2026-10-05,https://www.siemens.com/in/en/company/sustainability/siemens-scholarship.html,https://www.siemens.com,2026-08-15,ACTIVE
Adobe India Women-in-Technology Scholarship,Adobe India,Stipend and mentoring for female undergraduates enrolled in computer science or related branches.,150000,B.Tech,75.0,1200000,ALL,ALL,Female,3,,26,Major in Computer Science / IT or related discipline,2026-08-01,2026-09-30,https://www.adobe.com/careers/university/india-scholarship.html,https://adobe.com,2026-09-01,ACTIVE
HDFC Badhte Kadam Scholarship,HDFC Bank Parivartan,Support for high performing students from financially disadvantaged families facing distress.,50000,ALL,60.0,600000,ALL,ALL,ALL,,16,28,"Family income under 6 LPA, preference to hardship cases",2026-07-01,2026-10-31,https://www.hdfcbank.com/personal/about-us/corporate-social-responsibility,https://www.buddy4study.com,2026-09-15,ACTIVE
Sitaram Jindal Foundation Scholarship,Sitaram Jindal Foundation,"Financial assistance for poor and meritorious students pursuing polytechnic, degree, and PG courses.",24000,ALL,65.0,400000,ALL,ALL,ALL,,15,30,Merit cum means criterion with income certificate,2026-01-01,2026-12-31,https://www.sitaramjindalfoundation.org/scholarships.php,https://sitaramjindalfoundation.org,2026-07-10,ACTIVE
Expired Previous Cycle Grant (Demo Check),Department of Science & Technology,Archived national fellowship record for testing expired status handling.,35000,B.Sc,70.0,500000,ALL,ALL,ALL,1,18,25,Archived test record,2025-01-01,2025-06-30,https://dst.gov.in/expired-scheme,https://dst.gov.in,2025-07-01,EXPIRED
